{
            "class_name": "ViewTrajectory",
            "interval": 29,
            "is_loop": false,
            "trajectory": [
                {
                    "boundingbox_max": [31.5, 62.5, 31.5],
                    "boundingbox_min": [-0.5, 61.5, -0.5],
                    "field_of_view": 60.0,
                    "front": [-0.32375910069691588, 0.46298829367768912, 0.82511931539223238],
                    "lookat": [16.696956208108077, 62.649699009710496, 15.31886599098072],
                    "up": [0.050912988346492355, 0.87935226226808394, -0.47344214690037123],
                    "zoom": 0.69999999999999996
                }
            ],
            "version_major": 1,
            "version_minor": 0
        }